Model,Accuracy
Logistic Regression,0.8032786885245902
Decision Tree,0.8032786885245902
KNN,0.7868852459016393
Random Forest,0.7540983606557377
